City_ID,City,Lat,Lng,Max Temp,Humidity,Cloudiness,Wind Speed,Country,Date
0,kerikeri,-35.2268,173.9474,288.66,81,99,0.89,NZ,1691797868
1,markovo,57.3206,107.0881,291.99,66,10,0.3,RU,1691797868
2,yellowknife,62.456,-114.3525,290.44,67,75,6.17,CA,1691797591
3,guerrero negro,27.9769,-114.0611,296.4,74,23,9.06,MX,1691797868
4,blackmans bay,-43.0167,147.3167,283.22,87,57,4.39,AU,1691797868
5,kapuskasing,49.4169,-82.4331,292.2,72,75,2.57,CA,1691797869
6,taoudenni,22.6783,-3.9836,309.15,26,13,4.05,ML,1691797869
7,tura,25.5198,90.2201,296.98,98,100,2.59,IN,1691797869
8,codrington,-38.2667,141.9667,283.69,94,100,3.74,AU,1691797869
9,waitangi,-43.9535,-176.5597,286.38,88,60,2.24,NZ,1691797869
10,dryden,49.7833,-92.7503,287.31,94,100,4.12,CA,1691797870
11,la ronge,55.1001,-105.2842,291.29,68,75,3.6,CA,1691797870
12,port-aux-francais,-49.35,70.2167,276.93,94,79,15.74,TF,1691797709
13,huntingdon,52.3305,-0.1865,292.08,78,100,3.82,GB,1691797870
14,longyearbyen,78.2186,15.6401,282.06,100,100,1.54,SJ,1691797870
15,port moresby,-9.4431,147.1797,297.83,65,20,2.57,PG,1691797870
16,luderitz,-26.6481,15.1594,286.63,86,58,2.88,NA,1691797870
17,cartagena del chaira,1.3349,-74.8429,295.5,95,73,0.78,CO,1691797871
18,papatowai,-46.5619,169.4708,281.48,79,100,2.0,NZ,1691797871
19,yerofey pavlovich,53.9667,121.9667,291.55,81,100,2.95,RU,1691797871
20,grytviken,-54.2811,-36.5092,278.08,88,100,5.92,GS,1691797871
21,betio village,1.358,172.9211,303.17,69,2,4.42,KI,1691797871
22,dudinka,69.4058,86.1778,280.72,48,18,13.23,RU,1691797872
23,georgetown,5.4112,100.3354,300.11,88,20,1.03,MY,1691797792
24,wahpeton,46.2652,-96.6059,298.16,53,20,3.6,US,1691797872
25,badger,64.8,-147.5333,297.11,58,75,3.09,US,1691797872
26,margaret river,-33.95,115.0667,283.63,83,100,3.24,AU,1691797847
27,bethel,41.3712,-73.414,300.35,65,0,1.54,US,1691797742
28,dongola,19.1667,30.4833,308.88,20,2,4.13,SD,1691797873
29,iqaluit,63.7506,-68.5145,279.0,93,75,2.68,CA,1691797873
30,salalah,17.0151,54.0924,299.2,94,100,3.09,OM,1691797873
31,punta arenas,-53.15,-70.9167,276.11,75,40,5.46,CL,1691797634
32,morozovsk,48.3539,41.8261,298.11,53,65,6.59,RU,1691797873
33,qaqortoq,60.7167,-46.0333,279.32,87,2,1.53,GL,1691797873
34,tomatlan,19.9333,-105.25,304.29,66,63,3.39,MX,1691797873
35,olonkinbyen,70.9221,-8.7187,280.26,98,100,1.97,SJ,1691797874
36,pisco,-13.7,-76.2167,294.18,68,75,7.72,PE,1691797874
37,minas de marcona,-15.2119,-75.1103,285.68,88,47,6.74,PE,1691797874
38,makubetsu,45.3714,141.8211,289.16,94,75,4.02,JP,1691797874
39,constantia,44.1833,28.65,294.65,55,5,5.38,RO,1691797874
40,hamilton,39.1834,-84.5333,302.82,61,40,4.12,US,1691797765
41,ushuaia,-54.8,-68.3,273.96,80,20,3.09,AR,1691797875
42,sitka,57.0531,-135.33,289.09,82,100,3.6,US,1691797875
43,puerto ayora,-0.7393,-90.3518,297.9,93,76,2.68,EC,1691797875
44,keflavik,64.0049,-22.5624,285.1,93,0,3.09,IS,1691797875
45,utrik,11.2278,169.8474,301.38,80,44,7.25,MH,1691797875
46,tarawa,1.419,172.984,303.2,79,40,3.09,KI,1691797875
47,bredasdorp,-34.5322,20.0403,283.94,91,16,1.69,ZA,1691797876
48,tarakan,3.3,117.6333,298.87,89,20,2.06,ID,1691797876
49,petropavlovsk-kamchatsky,53.0452,158.6483,292.48,60,0,1.0,RU,1691797876
50,valdivia,-39.8142,-73.2459,280.2,88,89,0.81,CL,1691797692
51,bilibino,68.0546,166.4372,291.85,45,50,0.8,RU,1691797876
52,aykhal,66.0,111.5,292.33,49,100,3.27,RU,1691797876
53,afaahiti,-17.75,-149.2833,299.08,65,71,6.47,PF,1691797877
54,adamstown,-25.066,-130.1015,291.87,59,18,8.98,PN,1691797877
55,port lincoln,-34.7333,135.8667,285.65,87,100,5.85,AU,1691797877
56,gornozavodsk,58.3758,58.3211,283.51,84,7,1.17,RU,1691797877
57,forster,-32.1667,152.5167,289.42,55,0,2.23,AU,1691797877
58,palmer,42.1584,-72.3287,297.9,57,20,5.14,US,1691797845
59,peniche,39.3558,-9.3811,295.53,94,28,5.58,PT,1691797878
60,college,64.8569,-147.8028,297.15,57,75,3.09,US,1691797878
61,suez,29.9737,32.5263,296.72,79,0,4.73,EG,1691797878
62,sao felix do xingu,-6.6447,-51.995,299.64,42,1,0.35,BR,1691797878
63,pianco,-7.1981,-37.9292,297.55,60,17,3.37,BR,1691797878
64,wailua homesteads,22.0669,-159.378,302.59,72,100,4.63,US,1691797878
65,sumbawa besar,-8.5,117.4333,298.44,60,22,1.6,ID,1691797879
66,papao,-17.75,-149.55,299.97,67,20,7.04,PF,1691797879
67,hirara,24.8,125.2833,302.07,94,20,1.03,JP,1691797879
68,victoria,22.2855,114.1577,301.66,87,99,2.68,HK,1691797879
69,east london,-33.0153,27.9116,293.19,38,0,2.8,ZA,1691797837
70,ribeira grande,38.5167,-28.7,296.91,86,63,1.34,PT,1691797880
71,saipan,15.1355,145.701,302.54,100,0,5.14,MP,1691797880
72,isafjordur,66.0755,-23.124,282.03,87,91,2.69,IS,1691797880
73,la'ie,21.6477,-157.9253,305.13,60,21,5.88,US,1691797849
74,edinburgh of the seven seas,-37.0676,-12.3116,281.48,58,85,10.48,SH,1691797880
75,saint-pierre,-21.3393,55.4781,295.69,73,100,2.06,RE,1691797880
76,taber,49.8167,-112.1518,300.06,22,12,1.54,CA,1691797881
77,byron bay,-28.65,153.6167,294.1,56,6,1.3,AU,1691797881
78,luanda,-8.8368,13.2343,294.15,88,38,2.57,AO,1691797840
79,chernyshevskiy,63.0128,112.4714,289.37,88,100,1.9,RU,1691797881
80,bardai,11.65,7.2333,294.64,91,77,2.02,NG,1691797881
81,happy valley-goose bay,53.3168,-60.3315,290.32,67,75,3.09,CA,1691797881
82,kayangel,8.0823,134.7173,301.1,81,96,7.72,PW,1691797882
83,eyl,7.9803,49.8164,297.87,75,15,10.2,SO,1691797882
84,petukhovo,55.0692,67.9019,282.85,78,80,5.66,RU,1691797882
85,puerto natales,-51.7236,-72.4875,272.59,90,10,2.38,CL,1691797882
86,kailua-kona,19.6406,-155.9956,302.75,77,40,4.63,US,1691797740
87,las heras,-46.5419,-68.9359,275.85,55,17,3.14,AR,1691797882
88,rongelap,11.1635,166.8941,301.82,77,81,7.66,MH,1691797883
89,tidjikja,18.5564,-11.4271,304.06,44,94,4.07,MR,1691797883
90,salekhard,66.53,66.6019,279.39,80,62,2.25,RU,1691797883
91,ilulissat,69.2167,-51.1,282.16,71,75,3.6,GL,1691797883
92,malango,-2.9627,119.9001,293.47,92,96,0.29,ID,1691797883
93,kodiak,57.79,-152.4072,285.88,94,75,4.12,US,1691797883
94,langepas,61.2544,75.2124,280.76,63,2,6.25,RU,1691797883
95,lebu,-37.6167,-73.65,280.99,79,20,2.58,CL,1691797643
96,iskateley,67.6803,53.1512,286.97,67,6,3.39,RU,1691797884
97,babatngon,11.4238,124.8449,298.94,90,99,1.56,PH,1691797884
98,nar'yan-mar,67.6713,53.087,287.05,67,6,3.39,RU,1691797884
99,hermanus,-34.4187,19.2345,286.37,93,6,1.91,ZA,1691797872
100,polyarnyy,69.1989,33.4478,289.18,65,97,3.61,RU,1691797885
101,puerto baquerizo moreno,-0.9,-89.6,296.73,80,75,5.05,EC,1691797885
102,talnakh,69.4865,88.3972,280.49,68,35,7.65,RU,1691797885
103,hutchinson,38.0608,-97.9298,302.12,70,0,5.14,US,1691797758
104,morant bay,17.8815,-76.4093,302.99,87,100,4.77,JM,1691797885
105,newton,42.337,-71.2092,298.18,58,0,3.09,US,1691797637
106,port mathurin,-19.6833,63.4167,295.9,81,6,10.8,MU,1691797886
107,zagora,30.3484,-5.8365,305.83,15,0,1.5,MA,1691797886
108,katsuura,35.1333,140.3,300.98,79,24,3.92,JP,1691797886
109,udachny,66.4167,112.4,289.51,72,100,3.95,RU,1691797886
110,freetown,8.484,-13.2299,297.87,87,100,4.99,SL,1691797886
111,yamada,39.4667,141.95,298.58,96,100,4.66,JP,1691797886
112,youssoufia,32.2463,-8.5294,306.04,21,51,1.81,MA,1691797886
113,aasiaat,68.7098,-52.8699,278.19,88,90,2.66,GL,1691797887
114,sao gabriel da cachoeira,-0.1303,-67.0892,299.91,75,85,0.8,BR,1691797887
115,richards bay,-28.783,32.0377,289.17,70,0,4.48,ZA,1691797619
116,port macquarie,-31.4333,152.9167,290.31,35,0,1.71,AU,1691797887
117,tomaszow lubelski,50.4477,23.4162,286.06,69,28,0.93,PL,1691797887
118,marivan,35.5219,46.176,298.07,17,0,3.38,IR,1691797888
119,paphos,34.7667,32.4167,298.03,73,0,2.57,CY,1691797888
120,albany,42.6001,-73.9662,295.51,69,16,2.64,US,1691797888
121,tiksi,71.6872,128.8694,281.23,80,95,6.57,RU,1691797888
122,remire-montjoly,4.9167,-52.2667,300.17,83,0,2.57,GF,1691797888
123,pokhara,28.2333,83.9833,295.98,98,100,0.95,NP,1691797665
124,nema,57.5067,50.5011,289.35,77,7,1.01,RU,1691797889
125,konch,25.9833,79.15,300.7,67,94,5.37,IN,1691797889
126,san fernando de apure,7.8878,-67.4724,297.92,91,91,1.4,VE,1691797889
127,el matama,16.7095,33.3565,305.69,48,69,3.78,SD,1691797889
128,antofagasta,-23.65,-70.4,289.75,87,85,1.87,CL,1691797757
129,qarazhal,48.0078,70.7903,286.27,63,3,3.43,KZ,1691797889
130,sinabang,2.4803,96.3801,298.81,83,44,1.0,ID,1691797889
131,barcelos,41.5388,-8.6151,295.33,98,50,1.91,PT,1691797890
132,vorkuta,67.5,64.0,278.76,75,3,2.02,RU,1691797890
133,vilyuchinsk,52.9306,158.4028,293.3,65,50,1.13,RU,1691797890
134,bandar,2.05,99.75,296.17,96,92,0.7,ID,1691797890
135,invercargill,-46.4,168.35,281.49,93,100,2.68,NZ,1691797890
136,berezovyy,51.6667,135.7,296.86,51,100,0.62,RU,1691797890
137,susuman,62.7833,148.1667,293.25,40,30,1.35,RU,1691797890
138,weno,7.4515,151.8468,299.12,94,100,4.12,FM,1691797891
139,bandarban,22.1965,92.2262,298.99,98,100,1.25,BD,1691797891
140,vorgashor,67.5833,63.95,278.71,75,3,1.94,RU,1691797891
141,kristiansund,63.1115,7.732,285.18,93,100,2.06,NO,1691797891
142,darovskoy,58.77,47.9564,290.15,83,0,0.74,RU,1691797892
143,klaksvik,62.2266,-6.589,284.66,99,100,2.28,FO,1691797892
144,tavda,58.0425,65.2726,280.64,75,41,3.01,RU,1691797892
145,yuzhno-kurilsk,44.0306,145.8556,289.18,90,100,4.41,RU,1691797892
146,igarka,67.4667,86.5833,281.81,69,79,6.98,RU,1691797892
147,hithadhoo,-0.6,73.0833,300.72,73,100,6.37,MV,1691797892
148,ust-nera,64.5667,143.2,296.15,40,1,1.16,RU,1691797739
149,hasaki,35.7333,140.8333,303.31,81,57,3.82,JP,1691797893
150,mhamid,29.82,-5.72,306.97,13,0,3.38,MA,1691797893
151,heroica caborca,30.7167,-112.15,309.88,28,2,9.25,MX,1691797893
152,madang,-5.2246,145.7966,301.35,69,52,1.56,PG,1691797893
153,anloga,5.7947,0.8973,297.61,85,21,5.61,GH,1691797893
154,dera ismail khan,31.8327,70.9024,307.96,36,0,4.4,PK,1691797894
155,solleftea,63.1667,17.2667,287.07,98,31,1.29,SE,1691797894
156,bulgan,48.8125,103.5347,289.37,72,18,1.0,MN,1691797894
157,kirakira,-10.4544,161.9205,298.66,82,78,7.0,SB,1691797894
158,port augusta,-32.5,137.7667,291.07,35,98,7.5,AU,1691797894
159,padang,-0.9492,100.3543,296.18,89,14,1.75,ID,1691797894
160,thompson,55.7435,-97.8558,294.24,43,75,2.57,CA,1691797894
161,magadan,59.5667,150.8,292.89,74,36,0.9,RU,1691797895
162,voghera,44.9947,9.0086,297.08,82,3,0.18,IT,1691797895
163,mega,4.05,38.3,289.07,70,100,7.79,ET,1691797895
164,new plymouth,-39.0667,174.0833,286.38,77,100,1.97,NZ,1691797895
165,pitimbu,-7.4706,-34.8086,296.48,77,19,5.18,BR,1691797895
166,moranbah,-22.0016,148.0466,293.1,40,0,1.22,AU,1691797895
167,primero de enero,21.9469,-78.4283,300.38,84,95,2.79,CU,1691797896
168,ewo,-0.8725,14.8206,297.63,80,100,1.31,CG,1691797896
169,al mishkhab,31.8042,44.4911,311.66,15,0,7.17,IQ,1691797896
170,kruisfontein,-34.0033,24.7314,291.6,26,0,4.55,ZA,1691797896
171,jinjiang,24.8198,118.5741,301.49,85,60,1.17,CN,1691797896
172,alofi,-19.0595,-169.9187,301.09,83,97,3.6,NU,1691797897
173,gizo,-8.103,156.8419,299.43,84,70,11.39,SB,1691797897
174,yanykurgan,43.915,67.2481,294.37,44,0,7.83,KZ,1691797897
175,sinop,41.7711,34.8709,290.75,94,44,1.29,TR,1691797897
176,narrabri,-30.3167,149.7833,291.67,31,3,3.43,AU,1691797897
177,tamandare,-8.7597,-35.1047,297.03,80,8,4.48,BR,1691797898
178,new norfolk,-42.7826,147.0587,283.87,72,63,3.58,AU,1691797898
179,linden,6.0,-58.3,298.17,79,86,1.59,GY,1691797898
180,konarka,19.9,86.1167,300.37,78,98,4.46,IN,1691797898
181,stanley,54.868,-1.6985,287.44,83,0,3.6,GB,1691797898
182,dakhla,23.6848,-15.958,295.23,83,84,7.06,EH,1691797898
183,tarauaca,-8.1614,-70.7656,299.12,71,72,0.15,BR,1691797898
184,nola,40.922,14.5329,298.66,38,3,2.22,IT,1691797899
185,daru,-9.0763,143.2092,298.09,68,100,6.37,PG,1691797899
186,praya,14.9215,-23.5087,300.45,69,20,3.09,CV,1691797899
187,semnan,35.5729,53.3971,299.6,24,0,2.39,IR,1691797899
188,o rosal,41.9354,-8.8368,295.68,97,82,3.23,ES,1691797899
189,saint-philippe,-21.3585,55.7679,294.92,81,8,4.53,RE,1691797899
190,leticia,-4.2153,-69.9406,301.14,89,20,1.54,CO,1691797900
191,basco,20.4487,121.9702,301.17,86,100,8.88,PH,1691797900
192,klyuchi,52.2667,79.1667,286.09,87,94,3.39,RU,1691797900
193,tralee,52.2704,-9.7026,288.77,93,99,5.95,IE,1691797900
194,singkil,-7.9855,111.4161,295.42,78,83,1.83,ID,1691797900
195,alice springs,-23.7,133.8833,292.9,28,0,0.0,AU,1691797900
196,yanbu,24.0891,38.0637,303.17,58,0,4.12,SA,1691797901
197,khalkhal,37.6189,48.5258,290.04,22,0,2.04,IR,1691797901
198,colonia,50.9333,6.95,294.98,88,20,3.6,DE,1691797868
199,aripuana,-9.1667,-60.6333,299.0,63,83,1.1,BR,1691797901
200,umluj,25.0213,37.2685,302.98,66,0,3.02,SA,1691797902
201,matamey,13.4231,8.4749,301.68,59,100,0.26,NE,1691797902
202,flying fish cove,-10.4217,105.6791,296.97,88,100,5.14,CX,1691797903
203,porto novo,6.4965,2.6036,298.05,91,56,2.33,BJ,1691797903
204,faya-largeau,17.9257,19.1043,303.39,53,100,4.24,TD,1691797903
205,merke,42.8728,73.1786,293.4,47,0,2.52,KZ,1691797903
206,sokhumi,43.0033,41.0153,298.67,90,99,1.27,GE,1691797903
207,egilsstadir,65.2653,-14.3948,282.1,87,100,6.17,IS,1691797903
208,deltebre,40.7499,0.7868,298.34,81,0,2.66,ES,1691797903
209,uhersky brod,49.0251,17.6472,288.36,74,1,1.13,CZ,1691797904
210,ancud,-41.8697,-73.8203,279.05,73,98,0.84,CL,1691797904
211,murray bridge,-35.1167,139.2667,284.33,85,100,1.08,AU,1691797904
212,tucurui,-3.7661,-49.6725,300.0,51,8,0.96,BR,1691797904
213,kavieng,-2.5744,150.7967,301.23,74,82,5.54,PG,1691797904
214,fale old settlement,-9.3852,-171.2468,301.33,67,42,4.9,TK,1691797904
215,khandyga,62.6667,135.6,297.17,42,1,1.1,RU,1691797905
216,lihue,21.9789,-159.3672,302.92,65,100,4.63,US,1691797905
217,tofol,5.3248,163.0078,303.03,79,75,1.54,FM,1691797905
218,huarmey,-10.0681,-78.1522,293.0,81,6,4.76,PE,1691797905
219,massawa,15.6097,39.45,306.09,58,63,0.64,ER,1691797905
220,sarupathar,26.1984,93.8094,297.41,99,100,2.45,IN,1691797905
221,selfoss,63.9331,-20.9971,285.95,87,97,1.32,IS,1691797905
222,tazovsky,67.4667,78.7,276.35,58,0,10.52,RU,1691797906
223,hawaiian paradise park,19.5933,-154.9731,300.39,86,100,1.54,US,1691797906
224,goure,13.9835,10.2704,302.9,55,100,1.85,NE,1691797906
225,queenstown,-31.8976,26.8753,284.17,48,1,2.35,ZA,1691797906
226,bubaque,11.2833,-15.8333,299.36,86,92,8.14,GW,1691797906
227,ludhiana,30.9,75.85,300.85,83,21,0.89,IN,1691797906
228,ardestan,33.3761,52.3694,298.91,17,0,0.93,IR,1691797906
229,borskoye,53.0333,51.7167,288.88,53,0,2.75,RU,1691797907
230,ha'il,27.5219,41.6907,305.16,19,34,0.0,SA,1691797907
231,monte alegre,-2.0078,-54.0692,300.68,58,23,1.83,BR,1691797907
232,mil'kovo,55.6078,37.7956,294.88,84,100,2.87,RU,1691797907
233,choibalsan,48.0667,114.5,291.36,74,0,3.62,MN,1691797907
234,haiku-pauwela,20.9219,-156.3051,302.16,59,40,10.8,US,1691797907
235,arraial do cabo,-22.9661,-42.0278,295.0,86,0,10.62,BR,1691797908
236,st. john's,47.5649,-52.7093,291.47,92,75,3.09,CA,1691797677
237,newman,37.3138,-121.0208,307.07,22,8,3.57,US,1691797908
238,kununurra,-15.7667,128.7333,296.14,49,100,0.51,AU,1691797908
239,uturoa,-16.7333,-151.4333,298.1,68,65,7.03,PF,1691797908
240,tongouson,5.0214,120.1328,300.24,81,100,4.51,PH,1691797908
241,kasongo-lunda,-6.4667,16.8167,297.07,56,57,0.68,CD,1691797908
242,charlotte amalie,18.3419,-64.9307,303.0,79,40,4.12,VI,1691797908
243,island harbour,50.724,-1.2758,289.81,93,93,2.68,GB,1691797909
244,lodwar,3.1191,35.5973,300.48,46,13,6.25,KE,1691797909
245,contamana,-7.3333,-75.0167,300.98,59,83,1.43,PE,1691797909
246,les cayes,18.2,-73.75,300.96,83,97,3.67,HT,1691797909
247,tsiombe,-25.3,45.4833,287.74,89,5,0.95,MG,1691797909
248,the pas,53.8251,-101.2541,290.16,82,100,2.06,CA,1691797909
249,sisimiut,66.9395,-53.6735,280.55,86,99,2.82,GL,1691797910
250,dobrinka,52.1653,40.4731,297.85,34,87,7.27,RU,1691797910
251,la jolla,32.8473,-117.2742,302.7,81,100,4.63,US,1691797910
252,tvoroyri,61.5556,-6.8111,282.96,97,100,2.48,FO,1691797910
253,phan rang-thap cham,11.5667,108.9833,301.45,70,51,2.27,VN,1691797910
254,yomju-up,39.8933,124.5981,294.51,88,100,5.41,KP,1691797910
255,dunedin,-45.8742,170.5036,282.63,51,100,0.89,NZ,1691797910
256,obock,12.25,43.0833,301.19,46,98,1.33,DJ,1691797911
257,arish,31.1316,33.7984,299.02,73,6,3.82,EG,1691797911
258,yanam,16.7333,82.2167,300.06,80,100,2.13,IN,1691797911
259,cabinda,-5.55,12.2,295.23,88,0,3.09,AO,1691797911
260,labytnangi,66.6572,66.4183,279.66,81,65,1.29,RU,1691797911
261,west island,-12.1568,96.8225,298.14,83,85,7.72,CC,1691797911
262,saudarkrokur,65.7461,-19.6394,281.9,96,100,2.35,IS,1691797912
263,shingu,33.7333,135.9833,303.68,59,0,0.65,JP,1691797912
264,avarua,-21.2078,-159.775,299.18,78,75,3.6,CK,1691797912
265,sungai penuh,-2.0833,101.3833,291.84,96,84,0.62,ID,1691797912
266,kirensk,57.7853,108.1119,290.03,87,98,0.43,RU,1691797912
267,martuk,50.7475,56.5056,289.56,55,9,3.11,KZ,1691797912
268,tripoli,32.8752,13.1875,298.4,62,0,4.74,LY,1691797912
269,tangalle,6.024,80.7911,298.04,89,87,5.3,LK,1691797913
270,murghob,38.1702,73.9667,284.69,44,0,0.47,TJ,1691797913
271,vadso,70.0744,29.7487,290.64,88,20,2.57,NO,1691797913
272,bandar lampung,-5.4254,105.258,295.13,88,16,1.3,ID,1691797913
273,la passe,45.5549,-0.8967,294.28,89,21,1.22,FR,1691797913
274,lorengau,-2.0226,147.2712,301.57,72,77,7.07,PG,1691797913
275,trenggalek,-8.05,111.7167,295.21,88,88,1.23,ID,1691797914
276,whitehorse,60.7161,-135.0538,292.6,48,75,6.17,CA,1691797726
277,pangkalanbuun,-2.6833,111.6167,296.5,82,99,1.23,ID,1691797914
278,qalat,32.1058,66.9083,297.85,18,40,3.24,AF,1691797914
279,rabaul,-4.1967,152.1721,301.35,73,59,6.68,PG,1691797914
280,palikir - national government center,6.9248,158.1611,302.56,74,100,2.57,FM,1691797914
281,verkhnevilyuysk,63.4453,120.3167,289.96,95,100,2.94,RU,1691797914
282,zouerate,22.7187,-12.4521,308.94,12,11,3.52,MR,1691797914
283,verkhnyaya sinyachikha,57.976,61.6673,282.23,81,38,2.54,RU,1691797915
284,vilhena,-12.7406,-60.1458,297.27,64,20,1.54,BR,1691797915
285,nuevo ideal,24.8875,-105.0728,290.21,85,75,3.87,MX,1691797915
286,port sudan,19.6175,37.2164,306.95,37,23,0.96,SD,1691797915
287,federal,-30.9547,-58.7833,285.13,41,44,3.76,AR,1691797915
288,ciudad acuna,29.3232,-100.9522,315.31,26,0,4.63,MX,1691797915
289,santa ana,33.7456,-117.8678,305.18,67,40,5.66,US,1691797890
290,mogocha,53.7333,119.7667,290.1,92,100,1.74,RU,1691797916
291,tegueste,28.5167,-16.3167,302.64,41,0,7.72,ES,1691797916
292,chonchi,-42.6128,-73.8092,277.66,84,99,0.95,CL,1691797916
293,port isabel,26.0734,-97.2086,309.2,68,0,9.26,US,1691797781
294,okha,53.5739,142.9478,291.04,79,92,4.46,RU,1691797916
295,callao,-12.0667,-77.15,294.31,73,100,6.69,PE,1691797916
296,chibougamau,49.9168,-74.3659,286.94,88,100,5.14,CA,1691797640
297,atafu village,-8.5421,-172.5159,301.18,64,41,4.25,TK,1691797917
298,bredy,52.4153,60.3411,285.84,70,1,3.86,RU,1691797917
299,kudahuvadhoo,2.6708,72.8944,300.68,74,99,5.22,MV,1691797917
300,vila velha,-20.3297,-40.2925,296.12,83,0,4.63,BR,1691797917
301,mata-utu,-13.2816,-176.1745,300.71,75,35,2.29,WF,1691797917
302,wuwei,37.9281,102.6414,297.08,40,1,1.58,CN,1691797917
303,bishunpur urf maharajganj,26.2519,83.1186,300.33,76,100,2.9,IN,1691797917
304,mariehamn,60.0973,19.9348,286.38,82,0,3.6,AX,1691797918
305,rani,25.3503,73.3089,298.58,80,100,4.44,IN,1691797918
306,mount isa,-20.7333,139.5,295.02,40,40,1.03,AU,1691797918
307,russkiy kameshkir,52.8589,46.0892,292.06,51,44,3.78,RU,1691797918
308,san andres,12.5847,-81.7006,303.16,79,20,4.63,CO,1691797918
309,lashio,22.9333,97.75,293.64,100,100,0.25,MM,1691797918
310,anadyr,64.75,177.4833,283.43,87,100,3.0,RU,1691797918
311,khash,28.2211,61.2158,298.0,19,0,1.07,IR,1691797919
312,phulpur,25.55,82.1,301.15,67,100,3.88,IN,1691797919
313,tamiahua,21.2667,-97.45,303.58,78,43,6.91,MX,1691797919
314,rudnyy,52.9594,63.1206,284.28,71,92,4.54,KZ,1691797919
315,amga,60.8953,131.9608,294.31,70,73,2.29,RU,1691797919
316,santa rosa misiones,-26.8667,-56.85,293.87,73,58,5.02,PY,1691797919
317,pimentel,-6.8367,-79.9342,295.31,78,100,7.2,PE,1691797919
318,nakonde,-9.3421,32.745,283.84,81,0,2.56,ZM,1691797920
319,carahue,-38.7,-73.1667,277.8,96,52,0.52,CL,1691797920
320,sandnessjoen,66.0217,12.6316,285.44,85,100,1.45,NO,1691797920
321,fortuna,40.5982,-124.1573,295.89,71,20,7.72,US,1691797920
322,purna,19.1833,77.05,296.9,83,53,3.52,IN,1691797920
323,pokrovsk,48.282,37.1758,291.58,98,40,4.02,UA,1691797920
324,misasi,-3.0,33.0833,295.19,61,52,1.5,TZ,1691797920
325,narvik,68.4384,17.4272,288.92,77,97,3.05,NO,1691797921
326,morehead city,34.7229,-76.726,302.16,83,40,4.63,US,1691797921
327,taranagar,28.6709,75.0351,303.02,57,26,7.86,IN,1691797921
328,enewetak,11.3474,162.3373,301.64,75,94,6.73,MH,1691797921
329,arica,-18.475,-70.3042,291.28,77,100,5.66,CL,1691797726
330,umba,66.6871,34.3429,287.52,88,96,1.57,RU,1691797921
331,tolanaro,-25.0319,46.9987,286.19,94,20,1.03,MG,1691797921
332,port blair,11.6667,92.75,300.48,82,100,7.15,IN,1691797922
333,tazacorte,28.629,-17.9293,299.69,61,0,7.2,ES,1691797922
334,acapulco de juarez,16.8634,-99.8901,304.05,66,75,2.57,MX,1691797922
335,kone,-21.0595,164.8658,296.39,38,4,2.43,NC,1691797922
336,bandarbeyla,9.4942,50.8122,296.41,88,3,12.6,SO,1691797922
337,crane,31.3974,-102.3501,312.63,18,0,4.36,US,1691797922
338,kingston,17.997,-76.7936,302.73,75,20,7.72,JM,1691797750
339,karatau,43.1667,70.4667,293.0,55,0,2.9,KZ,1691797923
340,port alfred,-33.5906,26.891,292.78,42,1,3.72,ZA,1691797923
341,puerto madero,14.7208,-92.4215,303.13,74,60,4.51,MX,1691797923
342,touros,-5.1989,-35.4608,296.71,79,5,5.2,BR,1691797923
343,kamiiso,41.8167,140.65,299.36,83,75,7.2,JP,1691797923
344,kimberley,-28.7323,24.7623,283.98,50,2,4.12,ZA,1691797924
345,oum hadjer,13.2954,19.6966,299.51,73,100,2.17,TD,1691797924
346,hluti,-27.2167,31.6167,284.3,84,0,1.45,SZ,1691797924
347,olinda,-8.0089,-34.8553,300.0,69,75,4.63,BR,1691797924
348,shiprock,36.7855,-108.687,304.34,29,97,4.72,US,1691797924
349,labasa,-16.4167,179.3833,297.79,72,99,5.09,FJ,1691797924
350,revda,56.801,59.9303,282.78,89,13,1.64,RU,1691797925
351,arkhangel'sk,64.5401,40.5433,291.23,82,0,2.41,RU,1691797925
352,mejit,10.2753,170.8646,301.51,73,81,8.0,MH,1691797925
353,paita,-5.0892,-81.1144,294.65,82,2,7.53,PE,1691797925
354,villa gesell,-37.2639,-56.973,280.96,57,21,10.39,AR,1691797748
355,novodvinsk,64.4165,40.8122,291.02,82,0,2.25,RU,1691797926
356,jiagedaqi,50.4167,124.1167,291.56,96,100,3.07,CN,1691797926
357,adrar,20.5022,-10.0711,305.51,40,88,4.77,MR,1691797926
358,port saint john's,-31.6229,29.5448,291.41,57,0,3.43,ZA,1691797926
359,gafanha da nazare,40.6362,-8.7134,295.38,92,75,3.41,PT,1691797926
360,lerwick,60.1545,-1.1494,285.15,93,14,3.06,GB,1691797927
361,lumberton,34.6182,-79.0086,304.32,79,0,4.12,US,1691797927
362,berbera,10.4396,45.0143,305.63,42,50,7.61,SO,1691797927
363,lalibela,12.0333,39.0333,287.82,75,49,0.11,ET,1691797927
364,ust'-ilimsk,58.0006,102.6619,291.48,60,100,1.31,RU,1691797927
365,lompoc,34.6391,-120.4579,302.47,72,40,5.14,US,1691797927
366,caleta de carquin,-11.0925,-77.6267,292.34,83,48,4.65,PE,1691797928
367,salinopolis,-0.6136,-47.3561,299.99,77,45,5.47,BR,1691797873
368,ha giang,22.8333,104.9833,299.07,96,55,0.37,VN,1691797928
369,hadyach,50.3711,33.991,289.78,98,100,3.86,UA,1691797928
370,rudnichnyy,59.617,52.4703,285.81,83,0,0.38,RU,1691797928
371,leninskoye,41.7589,69.3864,293.97,42,0,1.1,KZ,1691797928
372,arkalyk,50.2486,66.9114,288.84,60,95,4.01,KZ,1691797929
373,malabar,-33.9667,151.25,290.21,60,0,3.6,AU,1691797929
374,vila franca do campo,37.7167,-25.4333,295.38,90,53,2.32,PT,1691797929
375,yeppoon,-23.1333,150.7333,293.03,49,0,0.65,AU,1691797929
376,pasuquin,18.3328,120.6177,302.12,79,75,2.57,PH,1691797929
377,jamestown,42.097,-79.2353,295.95,60,20,1.54,US,1691797683
378,tlahualilo de zaragoza,26.1167,-103.45,310.19,17,85,0.44,MX,1691797929
379,kill devil hills,36.0307,-75.676,302.03,75,0,3.6,US,1691797930
380,cole harbour,44.6724,-63.4751,294.81,88,59,4.92,CA,1691797930
381,nouadhibou,20.931,-17.0347,298.14,88,20,4.12,MR,1691797930
382,praia da vitoria,38.7333,-27.0667,296.29,83,40,3.28,PT,1691797930
383,copiapo,-27.3667,-70.3333,286.98,51,3,0.44,CL,1691797757
384,pop,40.8736,71.1089,297.42,38,39,1.22,UZ,1691797930
385,willows,39.5243,-122.1936,308.4,16,6,4.62,US,1691797931
386,naze,28.3667,129.4833,300.66,80,8,1.51,JP,1691797931
387,zvishavane,-20.3267,30.0665,286.66,66,50,1.31,ZW,1691797931
388,pijijiapan,15.7011,-93.23,303.17,76,32,2.07,MX,1691797931
389,cauayan,9.9718,122.6249,299.78,85,99,2.18,PH,1691797931
390,umm as sahik,26.6536,49.9164,307.25,63,0,1.95,SA,1691797931
391,nova sintra,14.8667,-24.7167,296.7,71,77,1.42,CV,1691797932
392,tena,-0.9833,-77.8167,295.04,93,91,0.65,EC,1691797932
393,liwale,-9.7667,37.9333,289.05,95,0,1.23,TZ,1691797932
394,margate,51.3813,1.3862,291.41,86,100,1.34,GB,1691797932
395,iho,5.5667,7.1,295.1,96,100,1.39,NG,1691797932
396,la gi,10.6667,107.7833,299.65,88,61,3.96,VN,1691797932
397,ryotsu-minato,38.0833,138.4333,302.59,71,66,0.51,JP,1691797933
398,fada,9.5667,8.3,292.92,97,53,0.66,NG,1691797933
399,san juan de miraflores,-12.1629,-76.9635,293.44,81,43,4.2,PE,1691797933
400,iwanai,42.9744,140.5089,302.38,62,3,0.17,JP,1691797933
401,trairi,-3.2778,-39.2689,298.64,79,7,5.33,BR,1691797933
402,batticaloa,7.7102,81.6924,298.45,85,56,1.25,LK,1691797934
403,golfito,8.639,-83.166,298.8,89,100,0.93,CR,1691797934
404,gazipasa,36.2694,32.3179,297.2,88,0,2.06,TR,1691797934
405,berdigestyakh,62.0989,126.6992,290.76,94,100,3.93,RU,1691797934
406,morrope,-6.5417,-80.0111,295.21,77,40,5.81,PE,1691797934
407,port arthur,38.8,121.2667,300.27,68,83,3.08,CN,1691797934
408,maitum,6.0392,124.4986,301.34,71,88,1.3,PH,1691797935
409,kijang,35.2442,129.2139,300.0,77,69,1.97,KR,1691797935
410,kandi,11.1342,2.9386,295.51,95,96,0.84,BJ,1691797935
411,fort st. john,56.2499,-120.8529,294.09,43,75,7.72,CA,1691797304
412,mount gambier,-37.8333,140.7667,284.28,94,100,1.22,AU,1691797935
413,turuntayevo,52.2,107.6167,288.2,66,0,0.72,RU,1691797935
414,vernon,50.2581,-119.2691,304.42,23,78,2.17,CA,1691797936
415,lamu,-2.2717,40.902,297.27,85,58,5.28,KE,1691797936
416,port loko,8.7667,-12.7833,296.31,96,100,1.86,SL,1691797936
417,sosnovo-ozerskoye,52.5249,111.5418,287.16,82,32,2.48,RU,1691797936
418,odoyev,53.9393,36.6864,290.84,86,100,4.64,RU,1691797936
419,lisala,2.15,21.5167,295.04,98,91,0.55,CD,1691797936
420,itanhem,-17.1664,-40.33,292.23,93,41,2.79,BR,1691797937
421,druskininkai,54.0167,23.9667,285.9,79,47,1.82,LT,1691797937
422,labrador city,52.9463,-66.9114,289.1,67,75,2.06,CA,1691797937
423,primorskiy,43.0983,131.5875,292.86,95,99,6.55,RU,1691797937
424,mabaruma,8.2,-59.7833,297.91,88,29,1.61,GY,1691797937
425,deogarh,21.5333,84.7333,298.29,86,100,1.67,IN,1691797937
426,djibouti,11.5,42.5,304.24,40,57,1.62,DJ,1691797938
427,rabigh,22.7986,39.0349,303.82,53,24,3.85,SA,1691797938
428,gadzhiyevo,69.2551,33.3362,289.13,64,95,3.56,RU,1691797938
429,mirpur sakro,24.5474,67.6277,300.44,79,96,8.13,PK,1691797938
430,dauphin,51.1494,-100.0502,289.23,94,100,3.09,CA,1691797938
431,iskushuban,10.2837,50.23,299.61,57,1,8.57,SO,1691797938
432,gargalianoi,37.0667,21.6333,294.46,70,96,1.49,GR,1691797939
433,abomsa,9.9833,39.9833,294.44,66,70,2.01,ET,1691797939
434,san antonio de pale,-1.4014,5.6325,297.1,88,66,5.27,GQ,1691797939
435,saint croix,17.7397,-64.7388,303.4,66,0,4.12,VI,1691797939
436,gaspe,48.8334,-64.4819,288.1,100,100,2.57,CA,1691797725
437,kyaukse,21.6,96.1333,299.19,79,100,2.97,MM,1691797939
438,smara,26.7384,-11.6719,310.05,9,0,4.77,EH,1691797940
439,castellammare del golfo,38.0188,12.8858,297.71,63,1,1.09,IT,1691797940
440,carnarvon,-24.8667,113.6333,292.58,80,1,0.96,AU,1691797940
441,tarariras,-34.2833,-57.6167,281.57,36,0,7.51,UY,1691797940
442,guisa,20.255,-76.5386,297.6,86,99,1.43,CU,1691797940
443,lewiston orchards,46.3804,-116.9754,306.76,22,0,6.69,US,1691797940
444,malmberget,67.1753,20.6549,283.46,93,75,1.54,SE,1691797941
445,el charco,2.4769,-78.1105,298.27,92,97,2.22,CO,1691797941
446,bonthe,7.5264,-12.505,298.56,81,100,4.63,SL,1691797941
447,katabu,-4.9333,122.5167,299.89,66,74,3.62,ID,1691797941
448,vladimiro-aleksandrovskoye,42.8944,133.0778,294.93,92,85,4.79,RU,1691797941
449,saldanha,-33.0117,17.9442,287.18,93,15,1.85,ZA,1691797941
450,falkenberg,56.9055,12.4912,290.23,100,99,5.07,SE,1691797941
451,mahanoro,-19.9,48.8,292.24,91,50,1.25,MG,1691797942
452,kavaratti,10.5669,72.642,301.15,70,100,7.5,IN,1691797942
453,north bay,46.3168,-79.4663,293.12,77,75,1.54,CA,1691797942
454,melioratorov,57.2107,65.6077,281.36,100,0,3.0,RU,1691797942
455,asau,46.4333,26.4,290.66,86,40,1.67,RO,1691797943
456,padre las casas,18.7317,-70.9392,296.66,86,96,0.39,DO,1691797943
457,kurmuk,10.55,34.2833,294.54,91,100,1.31,SD,1691797943
458,ola,59.5833,151.2833,293.23,76,24,1.34,RU,1691797943
459,hilo,19.7297,-155.09,300.51,89,100,1.54,US,1691797792
460,tatsinskiy,48.1968,41.2756,297.91,57,73,6.56,RU,1691797943
461,glace bay,46.1969,-59.957,293.59,97,100,5.36,CA,1691797944
462,port elizabeth,-33.918,25.5701,285.31,76,0,2.57,ZA,1691797944
463,kenora,49.8167,-94.4337,288.69,94,100,3.09,CA,1691797905
464,puri,19.8,85.85,300.44,77,99,4.74,IN,1691797944
465,felege neway,6.3,36.8833,289.74,81,70,0.74,ET,1691797944
466,kuala belait,4.5833,114.1833,298.24,84,96,1.94,BN,1691797749
467,shatrovo,56.5167,64.6333,281.46,79,56,3.71,RU,1691797945
468,besisahar,28.2313,84.3761,297.27,98,100,0.81,NP,1691797945
469,khovd,48.0056,91.6419,293.57,40,100,3.29,MN,1691797945
470,el nido,11.1858,119.3956,301.65,78,79,5.27,PH,1691797945
471,lichuan,30.3,108.85,295.45,83,87,0.67,CN,1691797945
472,noosa heads,-26.3833,153.15,295.56,53,1,3.82,AU,1691797945
473,auki,-8.7676,160.7034,300.52,77,66,5.59,SB,1691797946
474,hastings,50.8552,0.5729,290.88,50,99,4.31,GB,1691797946
475,marsh harbour,26.5412,-77.0636,303.22,70,10,4.44,BS,1691797946
476,mirnyy,62.5353,113.9611,289.95,82,99,0.89,RU,1691797946
477,zhezqazghan,47.7833,67.7667,288.4,50,1,3.87,KZ,1691797946
478,reggane,26.7158,0.1714,309.05,11,0,8.36,DZ,1691797947
479,muroto-misakicho,33.2833,134.15,300.95,70,0,0.85,JP,1691797947
480,leava,-14.3,-178.1667,299.29,85,67,8.01,WF,1691797947
481,kalmunai,7.4167,81.8167,298.84,82,68,1.45,LK,1691797947
482,guiratinga,-16.3494,-53.7583,300.29,30,68,1.92,BR,1691797948
483,sana,15.3547,44.2067,293.94,40,91,0.9,YE,1691797948
484,lata,40.1629,-8.3327,294.3,98,38,1.41,PT,1691797948
485,prado,-17.3411,-39.2208,295.69,84,22,3.66,BR,1691797948
486,al bawiti,28.3492,28.8659,296.85,61,0,4.78,EG,1691797948
487,karatuzskoye,53.6072,92.8667,288.08,97,100,0.95,RU,1691797948
488,nadym,65.5333,72.5167,276.33,72,7,8.45,RU,1691797949
489,obo,5.3998,26.4869,293.74,94,66,0.34,CF,1691797949
490,al bayda',32.7627,21.7551,293.69,75,29,6.28,LY,1691797949
491,cabo san lucas,22.8909,-109.9124,307.38,73,20,2.67,MX,1691797828
492,souillac,-20.5167,57.5167,295.36,94,40,5.66,MU,1691797949
493,cill airne,52.05,-9.5167,288.77,95,100,4.52,IE,1691797949
494,salto,-31.3833,-57.9667,285.86,71,92,2.68,UY,1691797766
495,duba,27.3513,35.6901,304.07,62,0,4.2,SA,1691797950
496,puerto quijarro,-17.7833,-57.7667,302.01,33,85,0.94,BO,1691797950
497,es castell,39.8795,4.2854,295.53,100,0,2.57,ES,1691797950
498,suva,-18.1416,178.4415,296.86,57,75,4.12,FJ,1691797950
499,qamdo,31.1667,97.2333,282.15,83,100,1.17,CN,1691797950
500,rio gallegos,-51.6226,-69.2181,274.18,75,0,4.12,AR,1691797951
501,ujae,8.9322,165.7642,301.32,75,95,3.03,MH,1691797951
502,zapolyarnyy,69.4154,30.8136,289.75,62,93,3.14,RU,1691797951
503,mount pearl,47.5166,-52.7813,291.01,92,75,3.09,CA,1691797951
504,sinan,34.8262,126.1086,299.21,83,0,3.08,KR,1691797951
505,ndele,8.4109,20.6473,294.41,96,98,0.94,CF,1691797951
506,alaghsas,17.0187,8.0168,304.55,46,67,3.33,NE,1691797952
507,catriel,-37.8791,-67.7956,282.78,30,82,7.64,AR,1691797952
508,miranda,3.2499,-76.2281,300.22,90,87,2.05,CO,1691797952
509,abreus,22.2775,-80.5675,303.32,65,78,2.28,CU,1691797952
510,sharlyk,52.9167,54.75,287.91,66,7,2.0,RU,1691797952
511,greymouth,-42.4667,171.2,279.94,86,100,1.85,NZ,1691797659
512,kuanda,56.3161,116.0806,289.98,96,100,0.89,RU,1691797953
513,kutum,14.2,24.6667,296.0,68,75,2.49,SD,1691797953
514,imbituba,-28.24,-48.6703,295.29,86,80,2.33,BR,1691797953
515,puente alto,-33.6167,-70.5833,288.15,56,82,1.9,CL,1691797924
516,uliastay,47.7417,96.8444,290.9,47,49,2.31,MN,1691797953
517,piacabucu,-10.4056,-36.4344,296.33,86,34,5.17,BR,1691797953
518,biscarrosse,44.3945,-1.1672,292.12,100,0,0.0,FR,1691797953
519,itoman,26.1247,127.6694,302.36,89,20,1.54,JP,1691797953
520,brookings,44.3114,-96.7984,300.47,57,0,8.23,US,1691797954
521,mamit,23.9333,92.4833,294.84,88,100,1.75,IN,1691797954
522,hanceville,34.0607,-86.7675,303.24,73,9,1.53,US,1691797954
523,shahba,32.8551,36.629,297.57,40,0,0.62,SY,1691797954
524,preston,53.7667,-2.7167,290.31,80,4,4.01,GB,1691797954
525,monforte del cid,38.3686,-0.7044,299.3,80,20,1.54,ES,1691797955
526,laguna,38.421,-121.4238,307.09,37,0,3.09,US,1691797955
527,ciudad bolivar,8.1222,-63.5497,302.97,58,44,4.41,VE,1691797955
528,al hazm,16.1641,44.7769,300.0,51,98,6.06,YE,1691797955
529,ulaangom,49.9811,92.0667,293.69,45,81,1.75,MN,1691797955
530,awjilah,29.1081,21.2869,299.61,43,0,7.14,LY,1691797955
531,arar,30.9753,41.0381,304.16,11,0,3.6,SA,1691797955
532,slawharad,53.4446,31.0014,288.26,93,100,4.96,BY,1691797956
533,westport,41.1415,-73.3579,301.05,60,0,4.12,US,1691797880
534,ankazobe,-18.3167,47.1167,288.14,78,93,1.3,MG,1691797956
535,hola,51.5377,23.1902,285.25,65,11,1.24,PL,1691797956
536,antsiranana,-12.2787,49.2917,294.92,81,4,5.55,MG,1691797956
537,tahe,52.3333,124.7333,290.74,94,97,0.72,CN,1691797956
538,siwa oasis,29.2041,25.5195,300.29,50,0,4.03,EG,1691797956
539,mangaratiba,-22.9597,-44.0406,296.63,79,0,2.91,BR,1691797957
540,ta`u,-14.2336,-169.5144,300.61,80,100,7.44,AS,1691797957
541,san pedro pochutla,15.7333,-96.4667,304.1,77,71,2.65,MX,1691797957
542,cidreira,-30.1811,-50.2056,290.12,93,73,2.7,BR,1691797957
543,kakata,6.53,-10.3517,295.9,94,92,1.33,LR,1691797957
544,esmeraldas,-19.7625,-44.3139,296.73,46,6,1.4,BR,1691797958
545,christchurch,-43.5333,172.6333,283.38,80,100,3.6,NZ,1691797790
546,bodo,67.28,14.405,288.4,76,75,7.2,NO,1691797958
547,acarau,-2.8856,-40.12,298.6,80,1,7.12,BR,1691797958
548,chui,-33.6971,-53.4616,286.23,42,12,4.72,UY,1691797958
549,ankazoabo,-22.2833,44.5167,286.08,60,0,2.54,MG,1691797958
550,yuxi,24.355,102.5422,292.85,95,100,0.79,CN,1691797959
551,altayskoye,51.9533,85.3325,288.02,99,100,2.57,RU,1691797959
552,mitsamiouli,-11.3847,43.2844,297.41,73,7,1.8,KM,1691797959
553,manta,-0.95,-80.7333,300.03,78,0,7.6,EC,1691797959
554,uzgen,40.7699,73.3007,293.31,68,86,3.09,KG,1691797959
555,thinadhoo,0.5333,72.9333,300.92,71,100,5.35,MV,1691797959
556,bridgewater,44.3835,-64.5155,293.97,77,33,6.17,CA,1691797749
557,linhares,-19.3911,-40.0722,294.04,88,13,1.63,BR,1691797960
558,maintirano,-18.0667,44.0167,296.05,70,62,5.76,MG,1691797960
559,nikol'sk,53.7189,46.0712,290.38,60,50,3.17,RU,1691797960
560,waddan,29.1614,16.139,297.29,59,0,5.24,LY,1691797960
561,sumberpucung,-8.1586,112.4829,293.81,82,85,1.16,ID,1691797960
562,buchanan,5.8808,-10.0467,297.93,83,95,4.31,LR,1691797960
563,horasan,40.0458,42.1728,294.18,48,31,1.97,TR,1691797961
564,kapa'a,22.0752,-159.319,303.33,72,100,4.63,US,1691797961
565,puerto san jose,13.9256,-90.8244,302.38,79,100,1.84,GT,1691797961
566,kourou,5.1552,-52.6478,300.18,82,75,3.55,GF,1691797961
567,kovalam,8.3667,76.9967,300.2,89,40,2.57,IN,1691797961
568,beaufort,5.3473,115.7455,299.27,85,91,0.8,MY,1691797868
569,bangassou,4.7413,22.8184,293.65,99,100,0.52,CF,1691797961
570,sanya,18.2431,109.505,302.24,84,75,1.0,CN,1691797962
571,ermelo,-26.5333,29.9833,279.44,53,0,1.16,ZA,1691797760
572,kota kinabalu,5.9749,116.0724,299.14,89,20,1.54,MY,1691797962
573,raduzhnyy,62.0961,77.475,280.02,57,3,6.91,RU,1691797962
574,moires,35.0532,24.8744,297.57,65,0,0.89,GR,1691797962
575,manda,-10.4667,34.5833,292.84,68,1,2.45,TZ,1691797962
576,ulladulla,-35.35,150.4667,288.39,47,87,1.99,AU,1691797962
577,cozumel,20.5083,-86.9458,306.19,78,20,4.63,MX,1691797820
578,taroa,8.7058,171.2275,301.06,80,38,7.16,MH,1691797963
579,terrace,54.5163,-128.6035,289.94,88,100,3.6,CA,1691797963
580,toktogul,41.8708,72.9402,292.7,54,0,0.92,KG,1691797963
581,namsos,64.4662,11.4957,284.1,100,100,3.6,NO,1691797963
582,hobyo,5.3505,48.5268,297.56,82,84,9.87,SO,1691797963
583,masterton,-40.9597,175.6575,282.53,76,78,2.1,NZ,1691797963
584,olyokminsk,60.3736,120.4264,292.93,89,100,1.1,RU,1691797963
585,nikolayevsk-on-amure,53.1406,140.73,294.86,63,72,0.52,RU,1691797964
586,itaituba,-4.2761,-55.9836,301.28,47,63,0.55,BR,1691797739
587,constitucion,-35.3333,-72.4167,282.65,64,54,5.57,CL,1691797964
588,san jose de jachal,-30.2406,-68.7469,284.41,40,100,2.01,AR,1691797964
589,mishan,45.55,131.8833,294.56,95,76,4.11,CN,1691797964
590,la sarre,48.8002,-79.1996,290.12,64,81,1.63,CA,1691797868
